subject,predicate,object,subject_name
Library Association of Singapore,instanceOf,professional association,Library Association of Singapore
Library Association of Singapore,headquarteredIn,Singapore,Library Association of Singapore
Library Association of Singapore,focus,library and information science,Library Association of Singapore
"New Canton, Virginia",instanceOf,unincorporated community,"New Canton, Virginia"
"New Canton, Virginia",locatedIn,Powhatan County,"New Canton, Virginia"
"New Canton, Virginia",locatedIn,Virginia,"New Canton, Virginia"
"New Canton, Virginia",hasPostalCode,23065,"New Canton, Virginia"
Thunder Bay Symphony Orchestra,instanceOf,symphony orchestra,Thunder Bay Symphony Orchestra
Thunder Bay Symphony Orchestra,location,Thunder Bay,Thunder Bay Symphony Orchestra
Thunder Bay Symphony Orchestra,partOf,Canadian music scene,Thunder Bay Symphony Orchestra
Thunder Bay Symphony Orchestra,genre,classical music,Thunder Bay Symphony Orchestra
Splendour (apple),instanceOf,apple,Splendour (apple)
Splendour (apple),origin,New Zealand,Splendour (apple)
Splendour (apple),breedingProgram,Plant & Food Research,Splendour (apple)
Splendour (apple),marketedBy,Zespri,Splendour (apple)
Loyola Greyhounds men's soccer,instanceOf,College soccer team,Loyola Greyhounds men's soccer
Loyola Greyhounds men's soccer,league,Metro Atlantic Athletic Conference,Loyola Greyhounds men's soccer
Loyola Greyhounds men's soccer,university,Loyola University Maryland,Loyola Greyhounds men's soccer
Harvington School,instanceOf,School,Harvington School
Harvington School,location,England,Harvington School
Harvington School,type,Co-educational,Harvington School
Harvington School,religiousAffiliation,Catholic,Harvington School
"Mystic, Georgia",instanceOf,unincorporated community,"Mystic, Georgia"
"Mystic, Georgia",locatedIn,Tift County,"Mystic, Georgia"
"Mystic, Georgia",locatedIn,Georgia (U.S. state),"Mystic, Georgia"
Valentina Alazraki,instanceOf,Human,Valentina Alazraki
Valentina Alazraki,occupation,Journalist,Valentina Alazraki
Valentina Alazraki,nationality,Mexican,Valentina Alazraki
Valentina Alazraki,knownFor,Reporting,Valentina Alazraki
Duolun County,instanceOf,county,Duolun County
Duolun County,locatedIn,Inner Mongolia,Duolun County
Duolun County,capital,Duolun,Duolun County
KRI Teluk Karimata,instanceOf,Ship,KRI Teluk Karimata
KRI Teluk Karimata,countryOfOrigin,Indonesia,KRI Teluk Karimata
KRI Teluk Karimata,operator,Indonesian Navy,KRI Teluk Karimata
Coordination Chemistry Reviews,instanceOf,scientific journal,Coordination Chemistry Reviews
Coordination Chemistry Reviews,issn,0010-8541,Coordination Chemistry Reviews
Coordination Chemistry Reviews,publisher,Elsevier,Coordination Chemistry Reviews
Coordination Chemistry Reviews,subject,coordination chemistry,Coordination Chemistry Reviews
Coordination Chemistry Reviews,impactFactor,4.19,Coordination Chemistry Reviews
"John Proctor House (Westford, Massachusetts)",instanceOf,house,"John Proctor House (Westford, Massachusetts)"
"John Proctor House (Westford, Massachusetts)",location,"Westford, Massachusetts","John Proctor House (Westford, Massachusetts)"
"John Proctor House (Westford, Massachusetts)",namedAfter,John Proctor,"John Proctor House (Westford, Massachusetts)"
Buddleja lindleyana,instanceOf,Buddleja,Buddleja lindleyana
Buddleja lindleyana,family,Buddlejaceae,Buddleja lindleyana
Buddleja lindleyana,genus,Buddleja,Buddleja lindleyana
Buddleja lindleyana,nativeTo,China,Buddleja lindleyana
Lake Kimihia,instanceOf,lake,Lake Kimihia
Lake Kimihia,locatedIn,New Zealand,Lake Kimihia
Lake Kimihia,locatedIn,Waikato,Lake Kimihia
Yerevan railway station,instanceOf,railway station,Yerevan railway station
Yerevan railway station,locatedIn,Yerevan,Yerevan railway station
Yerevan railway station,locatedIn,Armenia,Yerevan railway station
Yerevan railway station,serves,Yerevan,Yerevan railway station
Yerevan railway station,serves,Armenia,Yerevan railway station
Yerevan railway station,opened,1902,Yerevan railway station
Nouran El Torky,instanceOf,Q5,Nouran El Torky
Nouran El Torky,sexOrGender,female,Nouran El Torky
Nouran El Torky,givenName,Nouran,Nouran El Torky
Nouran El Torky,familyName,El Torky,Nouran El Torky
Hieracium virosum,instanceOf,species,Hieracium virosum
Hieracium virosum,family,Asteraceae,Hieracium virosum
Hieracium virosum,genus,Hieracium,Hieracium virosum
"San Agustin Parish Church (Bay, Laguna)",instanceOf,parish church,"San Agustin Parish Church (Bay, Laguna)"
"San Agustin Parish Church (Bay, Laguna)",location,"Bay, Laguna","San Agustin Parish Church (Bay, Laguna)"
"San Agustin Parish Church (Bay, Laguna)",dedication,Augustine of Hippo,"San Agustin Parish Church (Bay, Laguna)"
Fort of Feira,instanceOf,fort,Fort of Feira
Fort of Feira,location,Portugal,Fort of Feira
Fort of Feira,partOf,Sistema de Defesa do Estuário do Tejo,Fort of Feira
The Further Adventures of the Flag Lieutenant,instanceOf,novel,The Further Adventures of the Flag Lieutenant
The Further Adventures of the Flag Lieutenant,author,Frederic Prokosch,The Further Adventures of the Flag Lieutenant
The Further Adventures of the Flag Lieutenant,publishedIn,The Paris Review,The Further Adventures of the Flag Lieutenant
Niambia (crustacean),instanceOf,Genus,Niambia (crustacean)
Niambia (crustacean),family,Niambiidae,Niambia (crustacean)
Niambia (crustacean),taxonomicRank,genus,Niambia (crustacean)
Donald L. Conner House,instanceOf,house,Donald L. Conner House
Donald L. Conner House,location,United States,Donald L. Conner House
Donald L. Conner House,architecturalStyle,Greek Revival,Donald L. Conner House
Donald L. Conner House,NRHPReferenceNumber,100002985,Donald L. Conner House
Chelyabinsk Opera and Ballet Theatre,instanceOf,theatre,Chelyabinsk Opera and Ballet Theatre
Chelyabinsk Opera and Ballet Theatre,locatedIn,Chelyabinsk,Chelyabinsk Opera and Ballet Theatre
Chelyabinsk Opera and Ballet Theatre,operatesIn,ballet,Chelyabinsk Opera and Ballet Theatre
Chelyabinsk Opera and Ballet Theatre,operatesIn,opera,Chelyabinsk Opera and Ballet Theatre
Bromley Cemetery,instanceOf,cemetery,Bromley Cemetery
Bromley Cemetery,location,London Borough of Bromley,Bromley Cemetery
Bromley Cemetery,country,United Kingdom,Bromley Cemetery
"New Hampton (CDP), New Hampshire",instanceOf,census-designated place,"New Hampton (CDP), New Hampshire"
"New Hampton (CDP), New Hampshire",locatedIn,New Hampshire,"New Hampton (CDP), New Hampshire"
"New Hampton (CDP), New Hampshire",locatedIn,"Belknap County, New Hampshire","New Hampton (CDP), New Hampshire"
Exit (2011 film),instanceOf,film,Exit (2011 film)
Exit (2011 film),releaseYear,2011,Exit (2011 film)
Exit (2011 film),director,Roar Uthaug,Exit (2011 film)
Exit (2011 film),countryOfOrigin,Norway,Exit (2011 film)
Santa María del Valle District,instanceOf,district,Santa María del Valle District
Santa María del Valle District,locatedIn,Spain,Santa María del Valle District
Santa María del Valle District,locatedIn,Jaén Province,Santa María del Valle District
Zhangbei station,instanceOf,railway station,Zhangbei station
Zhangbei station,locatedIn,Zhangbei County,Zhangbei station
Zhangbei station,locatedIn,Hebei,Zhangbei station
Zhangbei station,serves,Zhangbei County,Zhangbei station
Casekow station,instanceOf,railway station,Casekow station
Casekow station,locatedIn,Germany,Casekow station
Casekow station,locatedIn,Casekow,Casekow station
Seth Hays House,instanceOf,Historic house,Seth Hays House
Seth Hays House,location,"Council Grove, Kansas",Seth Hays House
Seth Hays House,architecturalStyle,Greek Revival,Seth Hays House
Seth Hays House,listedOn,National Register of Historic Places,Seth Hays House
Seth Hays House,NRHPReferenceNumber,72000545,Seth Hays House
Yale Steam Laundry,instanceOf,Laundry,Yale Steam Laundry
Yale Steam Laundry,location,"New Haven, Connecticut",Yale Steam Laundry
Yale Steam Laundry,foundingYear,1887,Yale Steam Laundry
Aleptina junctimacula,instanceOf,Species,Aleptina junctimacula
Aleptina junctimacula,family,Noctuidae,Aleptina junctimacula
Aleptina junctimacula,genus,Aleptina,Aleptina junctimacula
"Interest Tax Act, 1974",instanceOf,Legislation,"Interest Tax Act, 1974"
"Interest Tax Act, 1974",country,India,"Interest Tax Act, 1974"
"Interest Tax Act, 1974",year,1974,"Interest Tax Act, 1974"
"Interest Tax Act, 1974",purpose,Taxation of interest,"Interest Tax Act, 1974"
"Hakan Arslan (footballer, born 1989)",instanceOf,Q639669,"Hakan Arslan (footballer, born 1989)"
"Hakan Arslan (footballer, born 1989)",birthDate,1989,"Hakan Arslan (footballer, born 1989)"
"Hakan Arslan (footballer, born 1989)",occupation,association football player,"Hakan Arslan (footballer, born 1989)"
"Hakan Arslan (footballer, born 1989)",playsFor,Şanlıurfaspor,"Hakan Arslan (footballer, born 1989)"
The Rough Guide to the Music of Zimbabwe,instanceOf,music guide,The Rough Guide to the Music of Zimbabwe
The Rough Guide to the Music of Zimbabwe,partOf,The Rough Guide series,The Rough Guide to the Music of Zimbabwe
The Rough Guide to the Music of Zimbabwe,covers,Music of Zimbabwe,The Rough Guide to the Music of Zimbabwe
The Rough Guide to the Music of Zimbabwe,authoredBy,Various authors,The Rough Guide to the Music of Zimbabwe
The Rough Guide to the Music of Zimbabwe,publishedBy,Rough Guides,The Rough Guide to the Music of Zimbabwe
Acacia castanostegia,instanceOf,species,Acacia castanostegia
Acacia castanostegia,genus,Acacia,Acacia castanostegia
Acacia castanostegia,family,Fabaceae,Acacia castanostegia
Sumida Aquarium,instanceOf,aquarium,Sumida Aquarium
Sumida Aquarium,locatedIn,Tokyo Skytree,Sumida Aquarium
Sumida Aquarium,opened,2012,Sumida Aquarium
Sumida Aquarium,locatedIn,Sumida,Sumida Aquarium
Favites abdita,instanceOf,Favites,Favites abdita
Favites abdita,isA,stony coral,Favites abdita
Favites abdita,foundIn,Indo-Pacific,Favites abdita
Favites abdita,family,Favidae,Favites abdita
Favites abdita,class,Anthozoa,Favites abdita
Favites abdita,phylum,Cnidaria,Favites abdita
Guangdong University of Science and Technology,instanceOf,university,Guangdong University of Science and Technology
Guangdong University of Science and Technology,locatedIn,Guangdong,Guangdong University of Science and Technology
Guangdong University of Science and Technology,founded,1980,Guangdong University of Science and Technology
Guangdong University of Science and Technology,type,public university,Guangdong University of Science and Technology
David Chan Yuk-cheung,instanceOf,Q5,David Chan Yuk-cheung
David Chan Yuk-cheung,givenName,David,David Chan Yuk-cheung
David Chan Yuk-cheung,familyName,Chan,David Chan Yuk-cheung
David Chan Yuk-cheung,birthName,Chan Yuk-cheung,David Chan Yuk-cheung
David Chan Yuk-cheung,activeYears,1980s-present,David Chan Yuk-cheung
David Chan Yuk-cheung,occupation,actor,David Chan Yuk-cheung
David Chan Yuk-cheung,occupation,film director,David Chan Yuk-cheung
David Chan Yuk-cheung,country,Hong Kong,David Chan Yuk-cheung
Enciclopedia României,instanceOf,encyclopedia,Enciclopedia României
Enciclopedia României,language,Romanian,Enciclopedia României
Enciclopedia României,publishedBy,Editura Enciclopedică,Enciclopedia României
Enciclopedia României,publicationDate,2010,Enciclopedia României
Enciclopedia României,editor,Mugur Șelaru,Enciclopedia României
Progress in Physical Geography,instanceOf,scientific journal,Progress in Physical Geography
Progress in Physical Geography,publisher,Sage Publications,Progress in Physical Geography
Progress in Physical Geography,discipline,physical geography,Progress in Physical Geography
Progress in Physical Geography,firstPublicationYear,1977,Progress in Physical Geography
Progress in Physical Geography,impactFactor,4.07,Progress in Physical Geography
Progress in Physical Geography,issn,0309-1333,Progress in Physical Geography
Bude Lifeboat Station,instanceOf,Lifeboat Station,Bude Lifeboat Station
Bude Lifeboat Station,location,Bude,Bude Lifeboat Station
Bude Lifeboat Station,operator,Royal National Lifeboat Institution,Bude Lifeboat Station
"Dubki, Kirzhachsky District, Vladimir Oblast",instanceOf,rural locality,"Dubki, Kirzhachsky District, Vladimir Oblast"
"Dubki, Kirzhachsky District, Vladimir Oblast",locatedIn,Kirzhachsky District,"Dubki, Kirzhachsky District, Vladimir Oblast"
"Dubki, Kirzhachsky District, Vladimir Oblast",locatedIn,Vladimir Oblast,"Dubki, Kirzhachsky District, Vladimir Oblast"
Word joiner,instanceOf,Punctuation,Word joiner
Word joiner,alsoKnownAs,WordJoiner,Word joiner
Word joiner,alsoKnownAs,Zero-width space,Word joiner
Word joiner,isA,Whitespace character,Word joiner
Word joiner,UnicodeName,Word Joiner,Word joiner
Word joiner,UnicodeCodePoint,U+2060,Word joiner
Tony DeMarco (dancer),instanceOf,Q5,Tony DeMarco (dancer)
Tony DeMarco (dancer),occupation,Q639669,Tony DeMarco (dancer)
Tony DeMarco (dancer),givenName,Tony,Tony DeMarco (dancer)
Tony DeMarco (dancer),familyName,DeMarco,Tony DeMarco (dancer)
David Newton (artist),instanceOf,Human,David Newton (artist)
David Newton (artist),occupation,artist,David Newton (artist)
David Newton (artist),givenName,David,David Newton (artist)
David Newton (artist),familyName,Newton,David Newton (artist)
Giulio Masetti (bishop),instanceOf,Catholic bishop,Giulio Masetti (bishop)
Giulio Masetti (bishop),givenName,Giulio,Giulio Masetti (bishop)
Giulio Masetti (bishop),familyName,Masetti,Giulio Masetti (bishop)
Giulio Masetti (bishop),diocese,Roman Catholic Diocese of Viterbo,Giulio Masetti (bishop)
Giulio Masetti (bishop),title,Bishop,Giulio Masetti (bishop)
Gerry Duggan (writer),instanceOf,Human,Gerry Duggan (writer)
Gerry Duggan (writer),occupation,writer,Gerry Duggan (writer)
Gerry Duggan (writer),givenName,Gerry,Gerry Duggan (writer)
Gerry Duggan (writer),familyName,Duggan,Gerry Duggan (writer)
Sam Shaw (sound editor),instanceOf,human,Sam Shaw (sound editor)
Sam Shaw (sound editor),occupation,sound editor,Sam Shaw (sound editor)
Sam Shaw (sound editor),givenName,Sam,Sam Shaw (sound editor)
Sam Shaw (sound editor),familyName,Shaw,Sam Shaw (sound editor)
"Yuriy Yakovenko (footballer, born 1971)",instanceOf,Q639669,"Yuriy Yakovenko (footballer, born 1971)"
"Yuriy Yakovenko (footballer, born 1971)",dateOfBirth,1971,"Yuriy Yakovenko (footballer, born 1971)"
"Yuriy Yakovenko (footballer, born 1971)",occupation,footballer,"Yuriy Yakovenko (footballer, born 1971)"
"Bundaleer North, South Australia",instanceOf,locality,"Bundaleer North, South Australia"
"Bundaleer North, South Australia",locatedIn,South Australia,"Bundaleer North, South Australia"
"Bundaleer North, South Australia",locatedIn,Australia,"Bundaleer North, South Australia"
"Bundaleer North, South Australia",timezone,ACST,"Bundaleer North, South Australia"
Sodium orthosilicate,instanceOf,Chemical compound,Sodium orthosilicate
Sodium orthosilicate,chemicalFormula,Na2SiO3,Sodium orthosilicate
Sodium orthosilicate,alsoKnownAs,Sodium metasilicate,Sodium orthosilicate
Sodium orthosilicate,usedIn,Detergent,Sodium orthosilicate
Sodium orthosilicate,usedIn,Paper industry,Sodium orthosilicate
Baltimore (magazine),instanceOf,magazine,Baltimore (magazine)
Baltimore (magazine),publisher,Baltimore Magazine,Baltimore (magazine)
Baltimore (magazine),publicationPlace,Baltimore,Baltimore (magazine)
Baltimore (magazine),subject,Baltimore,Baltimore (magazine)
Baltimore (magazine),subject,Maryland,Baltimore (magazine)
2013–14 Arkansas–Pine Bluff Golden Lions men's basketball team,instanceOf,sports team,2013–14 Arkansas–Pine Bluff Golden Lions men's basketball team
2013–14 Arkansas–Pine Bluff Golden Lions men's basketball team,season,2013-14,2013–14 Arkansas–Pine Bluff Golden Lions men's basketball team
2013–14 Arkansas–Pine Bluff Golden Lions men's basketball team,league,SWAC,2013–14 Arkansas–Pine Bluff Golden Lions men's basketball team
2013–14 Arkansas–Pine Bluff Golden Lions men's basketball team,school,University of Arkansas at Pine Bluff,2013–14 Arkansas–Pine Bluff Golden Lions men's basketball team
2013–14 Arkansas–Pine Bluff Golden Lions men's basketball team,coach,Darnell Jefferson,2013–14 Arkansas–Pine Bluff Golden Lions men's basketball team
Sam Stewart (rugby league),instanceOf,Q121594,Sam Stewart (rugby league)
Sam Stewart (rugby league),birthDate,1995-10-03,Sam Stewart (rugby league)
Sam Stewart (rugby league),birthPlace,Australia,Sam Stewart (rugby league)
Sam Stewart (rugby league),playsFor,Newcastle Knights,Sam Stewart (rugby league)
Sam Stewart (rugby league),position,Prop,Sam Stewart (rugby league)
Musée Hoangho Paiho,instanceOf,museum,Musée Hoangho Paiho
Musée Hoangho Paiho,location,France,Musée Hoangho Paiho
Musée Hoangho Paiho,foundingDate,2002,Musée Hoangho Paiho
Musée Hoangho Paiho,namedAfter,Hoang Ho Pai Ho,Musée Hoangho Paiho
Musée Hoangho Paiho,collection,Asian art,Musée Hoangho Paiho
Air Wisconsin Flight 965,instanceOf,flight,Air Wisconsin Flight 965
Air Wisconsin Flight 965,operator,Air Wisconsin,Air Wisconsin Flight 965
Air Wisconsin Flight 965,date,1985-09-12,Air Wisconsin Flight 965
Air Wisconsin Flight 965,location,Greater Southwest International Airport,Air Wisconsin Flight 965
Air Wisconsin Flight 965,typeOfAccident,controlled flight into terrain,Air Wisconsin Flight 965
Air Wisconsin Flight 965,result,crash,Air Wisconsin Flight 965
Air Wisconsin Flight 965,fatalities,27,Air Wisconsin Flight 965
David Fitzsimons (chess player),instanceOf,human,David Fitzsimons (chess player)
David Fitzsimons (chess player),givenName,David,David Fitzsimons (chess player)
David Fitzsimons (chess player),familyName,Fitzsimons,David Fitzsimons (chess player)
David Fitzsimons (chess player),occupation,chess player,David Fitzsimons (chess player)
Frosti Sigurjónsson,instanceOf,Q5,Frosti Sigurjónsson
Frosti Sigurjónsson,givenName,Frosti,Frosti Sigurjónsson
Frosti Sigurjónsson,familyName,Sigurjónsson,Frosti Sigurjónsson
Frosti Sigurjónsson,occupation,Q515,Frosti Sigurjónsson
Frosti Sigurjónsson,country,IS,Frosti Sigurjónsson
Jean-Claude Mailly,instanceOf,Q215627,Jean-Claude Mailly
Jean-Claude Mailly,givenName,Jean-Claude,Jean-Claude Mailly
Jean-Claude Mailly,familyName,Mailly,Jean-Claude Mailly
Jean-Claude Mailly,dateOfBirth,1953-09-06,Jean-Claude Mailly
Jean-Claude Mailly,occupation,trade unionist,Jean-Claude Mailly
Jean-Claude Mailly,positionHeld,general secretary,Jean-Claude Mailly
Jean-Claude Mailly,memberOf,Force Ouvrière,Jean-Claude Mailly
1950–51 La Liga,instanceOf,La Liga season,1950–51 La Liga
1950–51 La Liga,startDate,1950-09-17,1950–51 La Liga
1950–51 La Liga,endDate,1951-04-30,1950–51 La Liga
1950–51 La Liga,numberOfTeams,16,1950–51 La Liga
1950–51 La Liga,champion,Atlético Madrid,1950–51 La Liga
Documentation and Cultural Centre of German Sinti and Roma,instanceOf,cultural center,Documentation and Cultural Centre of German Sinti and Roma
Documentation and Cultural Centre of German Sinti and Roma,location,Heidelberg,Documentation and Cultural Centre of German Sinti and Roma
Documentation and Cultural Centre of German Sinti and Roma,founder,Romani Culture and Information Centre,Documentation and Cultural Centre of German Sinti and Roma
Documentation and Cultural Centre of German Sinti and Roma,topic,Romani people,Documentation and Cultural Centre of German Sinti and Roma
Documentation and Cultural Centre of German Sinti and Roma,topic,Sinti,Documentation and Cultural Centre of German Sinti and Roma
1952 United States presidential election in Pennsylvania,instanceOf,United States presidential election,1952 United States presidential election in Pennsylvania
1952 United States presidential election in Pennsylvania,country,United States,1952 United States presidential election in Pennsylvania
1952 United States presidential election in Pennsylvania,year,1952,1952 United States presidential election in Pennsylvania
1952 United States presidential election in Pennsylvania,location,Pennsylvania,1952 United States presidential election in Pennsylvania
1952 United States presidential election in Pennsylvania,candidate,Dwight D. Eisenhower,1952 United States presidential election in Pennsylvania
1952 United States presidential election in Pennsylvania,candidate,Adlai Stevenson II,1952 United States presidential election in Pennsylvania
Erich Correns (chemist),instanceOf,Human,Erich Correns (chemist)
Erich Correns (chemist),givenName,Erich,Erich Correns (chemist)
Erich Correns (chemist),familyName,Correns,Erich Correns (chemist)
Erich Correns (chemist),occupation,Chemist,Erich Correns (chemist)
Erich Correns (chemist),birthDate,1864-05-19,Erich Correns (chemist)
Erich Correns (chemist),deathDate,1933-04-06,Erich Correns (chemist)
Canoeing at the 2024 Summer Olympics – Women's C-2 500 metres,instanceOf,Olympic event,Canoeing at the 2024 Summer Olympics – Women's C-2 500 metres
Canoeing at the 2024 Summer Olympics – Women's C-2 500 metres,partOf,Canoeing at the 2024 Summer Olympics,Canoeing at the 2024 Summer Olympics – Women's C-2 500 metres
Canoeing at the 2024 Summer Olympics – Women's C-2 500 metres,gender,Women,Canoeing at the 2024 Summer Olympics – Women's C-2 500 metres
Canoeing at the 2024 Summer Olympics – Women's C-2 500 metres,typeOfCanoe,C-2,Canoeing at the 2024 Summer Olympics – Women's C-2 500 metres
Canoeing at the 2024 Summer Olympics – Women's C-2 500 metres,distance,500 metres,Canoeing at the 2024 Summer Olympics – Women's C-2 500 metres
"Female Nude (Renoir, 1876)",instanceOf,painting,"Female Nude (Renoir, 1876)"
"Female Nude (Renoir, 1876)",creator,Pierre-Auguste Renoir,"Female Nude (Renoir, 1876)"
"Female Nude (Renoir, 1876)",year,1876,"Female Nude (Renoir, 1876)"
"Female Nude (Renoir, 1876)",depicts,nude,"Female Nude (Renoir, 1876)"
"Female Nude (Renoir, 1876)",materialUsed,oil on canvas,"Female Nude (Renoir, 1876)"
Giovanni Battista Costa (bishop),instanceOf,human,Giovanni Battista Costa (bishop)
Giovanni Battista Costa (bishop),instanceOf,bishop,Giovanni Battista Costa (bishop)
Giovanni Battista Costa (bishop),givenName,Giovanni Battista,Giovanni Battista Costa (bishop)
Giovanni Battista Costa (bishop),familyName,Costa,Giovanni Battista Costa (bishop)
Giovanni Battista Costa (bishop),occupation,bishop,Giovanni Battista Costa (bishop)
"Church of St. Peter and St. Paul, Ukmergė",instanceOf,church building,"Church of St. Peter and St. Paul, Ukmergė"
"Church of St. Peter and St. Paul, Ukmergė",location,Ukmergė,"Church of St. Peter and St. Paul, Ukmergė"
"Church of St. Peter and St. Paul, Ukmergė",dedicatedTo,Saint Peter,"Church of St. Peter and St. Paul, Ukmergė"
"Church of St. Peter and St. Paul, Ukmergė",dedicatedTo,Saint Paul,"Church of St. Peter and St. Paul, Ukmergė"
International Journal of Hindu Studies,instanceOf,academic journal,International Journal of Hindu Studies
International Journal of Hindu Studies,publisher,Springer Science+Business Media,International Journal of Hindu Studies
International Journal of Hindu Studies,language,English,International Journal of Hindu Studies
International Journal of Hindu Studies,discipline,Hindu studies,International Journal of Hindu Studies
International Journal of Hindu Studies,website,https://www.springer.com/journal/10903,International Journal of Hindu Studies
Paul A. Gompers,instanceOf,Human,Paul A. Gompers
Paul A. Gompers,givenName,Paul,Paul A. Gompers
Paul A. Gompers,familyName,Gompers,Paul A. Gompers
Paul A. Gompers,affiliation,Harvard Business School,Paul A. Gompers
Paul A. Gompers,fieldOfWork,Economics,Paul A. Gompers
Paul A. Gompers,fieldOfWork,Business,Paul A. Gompers
Paul A. Gompers,award,Frisch Medal,Paul A. Gompers
Channa pleurophthalma,instanceOf,Channa,Channa pleurophthalma
Channa pleurophthalma,instanceOf,species,Channa pleurophthalma
Channa pleurophthalma,family,Channidae,Channa pleurophthalma
Channa pleurophthalma,habitat,freshwater,Channa pleurophthalma
Channa pleurophthalma,origin,Southeast Asia,Channa pleurophthalma
EuroBasket Women 1985,instanceOf,EuroBasket Women,EuroBasket Women 1985
EuroBasket Women 1985,year,1985,EuroBasket Women 1985
EuroBasket Women 1985,sportsSeason,1985,EuroBasket Women 1985
EuroBasket Women 1985,tournament,EuroBasket Women,EuroBasket Women 1985
EuroBasket Women 1985,champion,Soviet Union women's national basketball team,EuroBasket Women 1985
Lones Wigger,instanceOf,Q5,Lones Wigger
Lones Wigger,givenName,Lones,Lones Wigger
Lones Wigger,familyName,Wigger,Lones Wigger
Lones Wigger,dateOfBirth,1938-12-21,Lones Wigger
Lones Wigger,dateOfDeath,2017-07-12,Lones Wigger
Lones Wigger,occupation,marksman,Lones Wigger
Lones Wigger,country,United States of America,Lones Wigger
Lones Wigger,OlympicSport,shooting,Lones Wigger
Finnish Main Line,instanceOf,Railway Line,Finnish Main Line
Finnish Main Line,location,Finland,Finnish Main Line
Finnish Main Line,connects,Helsinki,Finnish Main Line
Finnish Main Line,connects,Turku,Finnish Main Line
Finnish Main Line,connects,Tampere,Finnish Main Line
Finnish Main Line,connects,Jyväskylä,Finnish Main Line
Finnish Main Line,connects,Oulu,Finnish Main Line
Finnish Main Line,connects,Rovaniemi,Finnish Main Line
Athletics at the 2004 Summer Paralympics – Men's shot put F42–46,instanceOf,Paralympic event,Athletics at the 2004 Summer Paralympics – Men's shot put F42–46
Athletics at the 2004 Summer Paralympics – Men's shot put F42–46,partOf,Athletics at the 2004 Summer Paralympics,Athletics at the 2004 Summer Paralympics – Men's shot put F42–46
Athletics at the 2004 Summer Paralympics – Men's shot put F42–46,hasGender,male,Athletics at the 2004 Summer Paralympics – Men's shot put F42–46
Athletics at the 2004 Summer Paralympics – Men's shot put F42–46,hasDisabilityClass,F42–46,Athletics at the 2004 Summer Paralympics – Men's shot put F42–46
Athletics at the 2004 Summer Paralympics – Men's shot put F42–46,hasEventType,shot put,Athletics at the 2004 Summer Paralympics – Men's shot put F42–46
"Church of St Peter and St Paul, Heytesbury",instanceOf,church,"Church of St Peter and St Paul, Heytesbury"
"Church of St Peter and St Paul, Heytesbury",location,Heytesbury,"Church of St Peter and St Paul, Heytesbury"
"Church of St Peter and St Paul, Heytesbury",dedication,St Peter and St Paul,"Church of St Peter and St Paul, Heytesbury"
"Church of St Peter and St Paul, Heytesbury",architecturalStyle,Perpendicular Gothic,"Church of St Peter and St Paul, Heytesbury"
"Church of St Peter and St Paul, Heytesbury",listedBuildingGrade,I,"Church of St Peter and St Paul, Heytesbury"
Calm Down (Rema song),instanceOf,song,Calm Down (Rema song)
Calm Down (Rema song),artist,Rema,Calm Down (Rema song)
Calm Down (Rema song),released,2022-08-26,Calm Down (Rema song)
Calm Down (Rema song),genre,Afrobeats,Calm Down (Rema song)
Calm Down (Rema song),language,English,Calm Down (Rema song)
Calm Down (Rema song),partOf,Rave & Roses,Calm Down (Rema song)
Calm Down (Rema song),feat,Selena Gomez,Calm Down (Rema song)
Conrad Tao,instanceOf,Q5,Conrad Tao
Conrad Tao,givenName,Conrad,Conrad Tao
Conrad Tao,familyName,Tao,Conrad Tao
Conrad Tao,dateOfBirth,1994-05-22,Conrad Tao
Conrad Tao,occupation,composer,Conrad Tao
Conrad Tao,occupation,pianist,Conrad Tao
Conrad Tao,award,Grammy Award,Conrad Tao
Scott Shane (professor),instanceOf,Human,Scott Shane (professor)
Scott Shane (professor),occupation,Professor,Scott Shane (professor)
Scott Shane (professor),fieldOfWork,Entrepreneurship,Scott Shane (professor)
Scott Shane (professor),employer,Case Western Reserve University,Scott Shane (professor)
Scott Shane (professor),authorOf,The Promise of Entrepreneurship,Scott Shane (professor)
Scott Shane (professor),authorOf,Why Entrepreneurs Fail,Scott Shane (professor)
Katherine Langford,instanceOf,Q5,Katherine Langford
Katherine Langford,givenName,Katherine,Katherine Langford
Katherine Langford,familyName,Langford,Katherine Langford
Katherine Langford,dateOfBirth,1996-08-19,Katherine Langford
Katherine Langford,occupation,actor,Katherine Langford
Katherine Langford,occupation,singer,Katherine Langford
Katherine Langford,notableFor,13 Reasons Why,Katherine Langford
Cyathaspis,instanceOf,Cyathaspis,Cyathaspis
Cyathaspis,class,Ptyctodontida,Cyathaspis
Cyathaspis,family,Cyathaspidae,Cyathaspis
Cyathaspis,genus,Cyathaspis,Cyathaspis
Cyathaspis,timePeriod,Early Devonian,Cyathaspis
Cyathaspis,location,Europe,Cyathaspis
Cyathaspis,location,North America,Cyathaspis
Arcade game,instanceOf,Video game,Arcade game
Arcade game,hasPart,Coin-operated machine,Arcade game
Arcade game,typicallyFeatures,High-score list,Arcade game
Arcade game,oftenLocatedIn,Amusement arcade,Arcade game
Arcade game,hasFormat,Coin-operated video game,Arcade game
Arcade game,originatedIn,Japan,Arcade game
Arcade game,popularizedBy,Space Invaders,Arcade game
Arcade game,hasSubclass,Shoot 'em up,Arcade game
Arcade game,hasSubclass,Platformer,Arcade game
Arcade game,hasSubclass,Racing game,Arcade game
Hugh Murray (geographer),instanceOf,Human,Hugh Murray (geographer)
Hugh Murray (geographer),givenName,Hugh,Hugh Murray (geographer)
Hugh Murray (geographer),familyName,Murray,Hugh Murray (geographer)
Hugh Murray (geographer),occupation,Geographer,Hugh Murray (geographer)
Hugh Murray (geographer),birthDate,1775-03-29,Hugh Murray (geographer)
Hugh Murray (geographer),deathDate,1810-03-18,Hugh Murray (geographer)
Hugh Murray (geographer),notableWork,A Description of the British Possessions in the East Indies,Hugh Murray (geographer)
Hallowell Davis,instanceOf,Human,Hallowell Davis
Hallowell Davis,givenName,Hallowell,Hallowell Davis
Hallowell Davis,familyName,Davis,Hallowell Davis
Hallowell Davis,birthDate,1899-04-14,Hallowell Davis
Hallowell Davis,deathDate,1983-08-29,Hallowell Davis
Hallowell Davis,nationality,American,Hallowell Davis
Hallowell Davis,occupation,Physiologist,Hallowell Davis
Hallowell Davis,award,National Medal of Science,Hallowell Davis
Secrets of Rætikon,instanceOf,video game,Secrets of Rætikon
Secrets of Rætikon,genre,Puzzle video game,Secrets of Rætikon
Secrets of Rætikon,developer,Ringkøbing Spil,Secrets of Rætikon
Secrets of Rætikon,publisher,Ringkøbing Spil,Secrets of Rætikon
Secrets of Rætikon,releaseDate,2011-05-18,Secrets of Rætikon
Secrets of Rætikon,platform,iOS,Secrets of Rætikon
Secrets of Rætikon,platform,macOS,Secrets of Rætikon
"Engine House No. 6 (Wichita, Kansas)",instanceOf,fire station,"Engine House No. 6 (Wichita, Kansas)"
"Engine House No. 6 (Wichita, Kansas)",location,"Wichita, Kansas","Engine House No. 6 (Wichita, Kansas)"
"Engine House No. 6 (Wichita, Kansas)",architect,John G. Haskell,"Engine House No. 6 (Wichita, Kansas)"
"Engine House No. 6 (Wichita, Kansas)",addedToNRHP,"January 9, 1985","Engine House No. 6 (Wichita, Kansas)"
"Engine House No. 6 (Wichita, Kansas)",architecturalStyle,Queen Anne architecture,"Engine House No. 6 (Wichita, Kansas)"
Jyo Achyutananda,instanceOf,Sage,Jyo Achyutananda
Jyo Achyutananda,birthDate,1891-12-05,Jyo Achyutananda
Jyo Achyutananda,deathDate,1968-03-19,Jyo Achyutananda
Jyo Achyutananda,nationality,Indian,Jyo Achyutananda
Jyo Achyutananda,occupation,Writer,Jyo Achyutananda
Jyo Achyutananda,occupation,Poet,Jyo Achyutananda
Jyo Achyutananda,language,Odia,Jyo Achyutananda
Athletics at the 2014 Asian Games – Men's 800 metres,instanceOf,Sports event,Athletics at the 2014 Asian Games – Men's 800 metres
Athletics at the 2014 Asian Games – Men's 800 metres,partOf,Athletics at the 2014 Asian Games,Athletics at the 2014 Asian Games – Men's 800 metres
Athletics at the 2014 Asian Games – Men's 800 metres,hasGender,Men's,Athletics at the 2014 Asian Games – Men's 800 metres
Athletics at the 2014 Asian Games – Men's 800 metres,hasEvent,800 metres,Athletics at the 2014 Asian Games – Men's 800 metres
Athletics at the 2014 Asian Games – Men's 800 metres,location,"Incheon, South Korea",Athletics at the 2014 Asian Games – Men's 800 metres
Athletics at the 2014 Asian Games – Men's 800 metres,year,2014,Athletics at the 2014 Asian Games – Men's 800 metres
Swimming at the 2004 Summer Paralympics – Men's 4 × 50 metre medley relay 20pts,instanceOf,SportsEvent,Swimming at the 2004 Summer Paralympics – Men's 4 × 50 metre medley relay 20pts
Swimming at the 2004 Summer Paralympics – Men's 4 × 50 metre medley relay 20pts,partOf,Swimming at the 2004 Summer Paralympics,Swimming at the 2004 Summer Paralympics – Men's 4 × 50 metre medley relay 20pts
Swimming at the 2004 Summer Paralympics – Men's 4 × 50 metre medley relay 20pts,hasDisabilityClass,20pts,Swimming at the 2004 Summer Paralympics – Men's 4 × 50 metre medley relay 20pts
Swimming at the 2004 Summer Paralympics – Men's 4 × 50 metre medley relay 20pts,hasGender,Male,Swimming at the 2004 Summer Paralympics – Men's 4 × 50 metre medley relay 20pts
Swimming at the 2004 Summer Paralympics – Men's 4 × 50 metre medley relay 20pts,hasEventName,Men's 4 × 50 metre medley relay,Swimming at the 2004 Summer Paralympics – Men's 4 × 50 metre medley relay 20pts
Swimming at the 2004 Summer Paralympics – Men's 4 × 50 metre medley relay 20pts,hasDistance,50 metre,Swimming at the 2004 Summer Paralympics – Men's 4 × 50 metre medley relay 20pts
Taekwondo at the 2020 Summer Olympics – Men's 68 kg,instanceOf,Olympic taekwondo event,Taekwondo at the 2020 Summer Olympics – Men's 68 kg
Taekwondo at the 2020 Summer Olympics – Men's 68 kg,partOf,Taekwondo at the 2020 Summer Olympics,Taekwondo at the 2020 Summer Olympics – Men's 68 kg
Taekwondo at the 2020 Summer Olympics – Men's 68 kg,hasGender,men,Taekwondo at the 2020 Summer Olympics – Men's 68 kg
Taekwondo at the 2020 Summer Olympics – Men's 68 kg,hasWeightClass,68 kg,Taekwondo at the 2020 Summer Olympics – Men's 68 kg
Taekwondo at the 2020 Summer Olympics – Men's 68 kg,competition,2020 Summer Olympics,Taekwondo at the 2020 Summer Olympics – Men's 68 kg
Taekwondo at the 2020 Summer Olympics – Men's 68 kg,sport,taekwondo,Taekwondo at the 2020 Summer Olympics – Men's 68 kg
2008–09 Serie A,instanceOf,Serie A season,2008–09 Serie A
2008–09 Serie A,startDate,2008-08-31,2008–09 Serie A
2008–09 Serie A,endDate,2009-05-31,2008–09 Serie A
2008–09 Serie A,numberOfTeams,20,2008–09 Serie A
2008–09 Serie A,follows,2007–08 Serie A,2008–09 Serie A
2008–09 Serie A,precededBy,2009–10 Serie A,2008–09 Serie A
2008–09 Serie A,champion,Internapoli,2008–09 Serie A
2008–09 Serie A,topScorer,Zlatan Ibrahimović,2008–09 Serie A
Wilhelm Hauchecorne,instanceOf,Q215627,Wilhelm Hauchecorne
Wilhelm Hauchecorne,givenName,Wilhelm,Wilhelm Hauchecorne
Wilhelm Hauchecorne,familyName,Hauchecorne,Wilhelm Hauchecorne
Wilhelm Hauchecorne,dateOfBirth,1828-06-23,Wilhelm Hauchecorne
Wilhelm Hauchecorne,dateOfDeath,1902-08-21,Wilhelm Hauchecorne
Wilhelm Hauchecorne,occupation,geologist,Wilhelm Hauchecorne
Wilhelm Hauchecorne,occupation,mining engineer,Wilhelm Hauchecorne
Wilhelm Hauchecorne,memberOf,Royal Geographical Society,Wilhelm Hauchecorne
Wilhelm Hauchecorne,positionHeld,Prussian state geologist,Wilhelm Hauchecorne
Jake DeBrusk,instanceOf,Human,Jake DeBrusk
Jake DeBrusk,givenName,Jake,Jake DeBrusk
Jake DeBrusk,familyName,DeBrusk,Jake DeBrusk
Jake DeBrusk,birthDate,1996-10-18,Jake DeBrusk
Jake DeBrusk,playsPosition,Left Wing,Jake DeBrusk
Jake DeBrusk,team,Boston Bruins,Jake DeBrusk
Jake DeBrusk,draftedBy,Boston Bruins,Jake DeBrusk
Jake DeBrusk,draftRound,2,Jake DeBrusk
Jake DeBrusk,draftOverall,39,Jake DeBrusk
Jake DeBrusk,draftYear,2015,Jake DeBrusk
Fallout 4: Nuka-World,instanceOf,video game,Fallout 4: Nuka-World
Fallout 4: Nuka-World,partOf,Fallout 4,Fallout 4: Nuka-World
Fallout 4: Nuka-World,genre,action role-playing game,Fallout 4: Nuka-World
Fallout 4: Nuka-World,releaseDate,2016-11-01,Fallout 4: Nuka-World
Fallout 4: Nuka-World,developer,Bethesda Game Studios,Fallout 4: Nuka-World
Fallout 4: Nuka-World,publisher,Bethesda Softworks,Fallout 4: Nuka-World
Fallout 4: Nuka-World,platform,Microsoft Windows,Fallout 4: Nuka-World
Fallout 4: Nuka-World,platform,PlayStation 4,Fallout 4: Nuka-World
Fallout 4: Nuka-World,platform,Xbox One,Fallout 4: Nuka-World
Canoeing at the 2016 Summer Olympics – Women's K-1 200 metres,instanceOf,Olympic event,Canoeing at the 2016 Summer Olympics – Women's K-1 200 metres
Canoeing at the 2016 Summer Olympics – Women's K-1 200 metres,partOf,Canoeing at the 2016 Summer Olympics,Canoeing at the 2016 Summer Olympics – Women's K-1 200 metres
Canoeing at the 2016 Summer Olympics – Women's K-1 200 metres,gender,Women,Canoeing at the 2016 Summer Olympics – Women's K-1 200 metres
Canoeing at the 2016 Summer Olympics – Women's K-1 200 metres,typeOfCanoe,K-1,Canoeing at the 2016 Summer Olympics – Women's K-1 200 metres
Canoeing at the 2016 Summer Olympics – Women's K-1 200 metres,distance,200 metres,Canoeing at the 2016 Summer Olympics – Women's K-1 200 metres
Canoeing at the 2016 Summer Olympics – Women's K-1 200 metres,hasMedalist,Karolina Naja,Canoeing at the 2016 Summer Olympics – Women's K-1 200 metres
Canoeing at the 2016 Summer Olympics – Women's K-1 200 metres,hasMedalist,Emma Vandelanotte,Canoeing at the 2016 Summer Olympics – Women's K-1 200 metres
Canoeing at the 2016 Summer Olympics – Women's K-1 200 metres,hasMedalist,Raisa Romanu,Canoeing at the 2016 Summer Olympics – Women's K-1 200 metres
2017 World Championships in Athletics – Men's pole vault,instanceOf,athletics event at the World Championships,2017 World Championships in Athletics – Men's pole vault
2017 World Championships in Athletics – Men's pole vault,partOf,2017 World Championships in Athletics,2017 World Championships in Athletics – Men's pole vault
2017 World Championships in Athletics – Men's pole vault,hasCompetitor,Sam Kendricks,2017 World Championships in Athletics – Men's pole vault
2017 World Championships in Athletics – Men's pole vault,hasCompetitor,"Bubka, Bohdan",2017 World Championships in Athletics – Men's pole vault
2017 World Championships in Athletics – Men's pole vault,winner,Sam Kendricks,2017 World Championships in Athletics – Men's pole vault
2017 World Championships in Athletics – Men's pole vault,date,2017-08-06,2017 World Championships in Athletics – Men's pole vault
2017 World Championships in Athletics – Men's pole vault,location,London Stadium,2017 World Championships in Athletics – Men's pole vault
2017 World Championships in Athletics – Men's pole vault,discipline,pole vault,2017 World Championships in Athletics – Men's pole vault
United Nations Security Council Resolution 2397,instanceOf,United Nations Security Council Resolution,United Nations Security Council Resolution 2397
United Nations Security Council Resolution 2397,adoptedBy,United Nations Security Council,United Nations Security Council Resolution 2397
United Nations Security Council Resolution 2397,adoptionDate,2017-12-22,United Nations Security Council Resolution 2397
United Nations Security Council Resolution 2397,serialNumber,2397,United Nations Security Council Resolution 2397
United Nations Security Council Resolution 2397,refersTo,North Korea,United Nations Security Council Resolution 2397
United Nations Security Council Resolution 2397,refersTo,Hothon,United Nations Security Council Resolution 2397
United Nations Security Council Resolution 2397,refersTo,Ponghwa,United Nations Security Council Resolution 2397
United Nations Security Council Resolution 2397,refersTo,Kimsat,United Nations Security Council Resolution 2397
United Nations Security Council Resolution 2397,refersTo,Kwangson,United Nations Security Council Resolution 2397
United Nations Security Council Resolution 2397,refersTo,Samchong,United Nations Security Council Resolution 2397
Swimming at the 2016 Summer Olympics – Men's 1500 metre freestyle,instanceOf,Olympic event,Swimming at the 2016 Summer Olympics – Men's 1500 metre freestyle
Swimming at the 2016 Summer Olympics – Men's 1500 metre freestyle,partOf,Swimming at the 2016 Summer Olympics,Swimming at the 2016 Summer Olympics – Men's 1500 metre freestyle
Swimming at the 2016 Summer Olympics – Men's 1500 metre freestyle,hasGender,men's,Swimming at the 2016 Summer Olympics – Men's 1500 metre freestyle
Swimming at the 2016 Summer Olympics – Men's 1500 metre freestyle,hasDistance,1500 metre,Swimming at the 2016 Summer Olympics – Men's 1500 metre freestyle
Swimming at the 2016 Summer Olympics – Men's 1500 metre freestyle,hasStroke,freestyle,Swimming at the 2016 Summer Olympics – Men's 1500 metre freestyle
Swimming at the 2016 Summer Olympics – Men's 1500 metre freestyle,winner,Gregorio Paltrinieri,Swimming at the 2016 Summer Olympics – Men's 1500 metre freestyle
Swimming at the 2016 Summer Olympics – Men's 1500 metre freestyle,runner-up,Connor Jaeger,Swimming at the 2016 Summer Olympics – Men's 1500 metre freestyle
Swimming at the 2016 Summer Olympics – Men's 1500 metre freestyle,bronzeMedalist,Geddoupet,Swimming at the 2016 Summer Olympics – Men's 1500 metre freestyle
Swimming at the 2016 Summer Olympics – Men's 1500 metre freestyle,heldAt,Olympic Aquatics Stadium,Swimming at the 2016 Summer Olympics – Men's 1500 metre freestyle
Swimming at the 2017 World Aquatics Championships,instanceOf,Sports event at the 2017 World Aquatics Championships,Swimming at the 2017 World Aquatics Championships
Swimming at the 2017 World Aquatics Championships,hasPart,Swimming at the 2017 World Aquatics Championships – Women's 400 metre individual medley,Swimming at the 2017 World Aquatics Championships
Swimming at the 2017 World Aquatics Championships,hasPart,Swimming at the 2017 World Aquatics Championships – Men's 4 × 100 metre freestyle relay,Swimming at the 2017 World Aquatics Championships
Swimming at the 2017 World Aquatics Championships,hasPart,Swimming at the 2017 World Aquatics Championships – Women's 50 metre breaststroke,Swimming at the 2017 World Aquatics Championships
Swimming at the 2017 World Aquatics Championships,location,Danube Arena,Swimming at the 2017 World Aquatics Championships
Swimming at the 2017 World Aquatics Championships,startTime,2017-07-23T00:00:00Z,Swimming at the 2017 World Aquatics Championships
Swimming at the 2017 World Aquatics Championships,endTime,2017-07-30T00:00:00Z,Swimming at the 2017 World Aquatics Championships
Swimming at the 2017 World Aquatics Championships,partOf,2017 World Aquatics Championships,Swimming at the 2017 World Aquatics Championships
"Church of the Transfiguration of the Lord, Ruma",instanceOf,church building,"Church of the Transfiguration of the Lord, Ruma"
"Church of the Transfiguration of the Lord, Ruma",location,Ruma,"Church of the Transfiguration of the Lord, Ruma"
"Church of the Transfiguration of the Lord, Ruma",dedication,Transfiguration of Jesus,"Church of the Transfiguration of the Lord, Ruma"
Heracleum lehmannianum,instanceOf,plant,Heracleum lehmannianum
Heracleum lehmannianum,is a subspecies of,Heracleum,Heracleum lehmannianum
Heracleum lehmannianum,taxonomic classification,Apiaceae,Heracleum lehmannianum
Fondazione Pisa,instanceOf,foundation,Fondazione Pisa
Fondazione Pisa,location,Pisa,Fondazione Pisa
Fondazione Pisa,foundedBy,Cassa di Risparmio di Pisa,Fondazione Pisa
Happening (book),author,Jennie G. de Montreville,Happening (book)
Happening (book),instanceOf,book,Happening (book)
Happening (book),title,Happening,Happening (book)
2011 Kütahya earthquake,instanceOf,earthquake,2011 Kütahya earthquake
2011 Kütahya earthquake,location,Kütahya Province,2011 Kütahya earthquake
2011 Kütahya earthquake,date,2011-05-19,2011 Kütahya earthquake
2011 Kütahya earthquake,magnitude,5.7 Mw,2011 Kütahya earthquake
Phocylides (beetle),instanceOf,Beetle,Phocylides (beetle)
Phocylides (beetle),family,Cerambycidae,Phocylides (beetle)
Castillo de San Julián,instanceOf,castle,Castillo de San Julián
Castillo de San Julián,location,Alicante,Castillo de San Julián
Castillo de San Julián,country,Spain,Castillo de San Julián
The Cleaner (2021 film),instanceOf,film,The Cleaner (2021 film)
The Cleaner (2021 film),releaseYear,2021,The Cleaner (2021 film)
The Cleaner (2021 film),title,The Cleaner,The Cleaner (2021 film)
Nardosinone,instanceOf,chemical compound,Nardosinone
Nardosinone,chemical formula,C15H16O3,Nardosinone
Nardosinone,molecular weight,244.28 g/mol,Nardosinone
Nardosinone,source,Nardostachys jatamansi,Nardosinone
Minusio railway station,instanceOf,railway station,Minusio railway station
Minusio railway station,locatedIn,Minusio,Minusio railway station
Minusio railway station,country,Switzerland,Minusio railway station
Minusio railway station,serves,Minusio,Minusio railway station
Brett Cooper (fighter),instanceOf,Q5,Brett Cooper (fighter)
Brett Cooper (fighter),givenName,Brett,Brett Cooper (fighter)
Brett Cooper (fighter),familyName,Cooper,Brett Cooper (fighter)
Brett Cooper (fighter),occupation,mixed martial artist,Brett Cooper (fighter)
Brett Cooper (fighter),birthDate,1982-10-22,Brett Cooper (fighter)
TalkTalk (A Perfect Circle song),instanceOf,song,TalkTalk (A Perfect Circle song)
TalkTalk (A Perfect Circle song),partOf,eMOTIVe,TalkTalk (A Perfect Circle song)
TalkTalk (A Perfect Circle song),composer,Maynard James Keenan,TalkTalk (A Perfect Circle song)
TalkTalk (A Perfect Circle song),composer,Billy Howerdel,TalkTalk (A Perfect Circle song)
TalkTalk (A Perfect Circle song),publishedBy,American Recordings,TalkTalk (A Perfect Circle song)
Pietro Contarini (bishop),instanceOf,Bishop,Pietro Contarini (bishop)
Pietro Contarini (bishop),diocese,Ascoli Piceno,Pietro Contarini (bishop)
Pietro Contarini (bishop),term,1591-1600,Pietro Contarini (bishop)
Malekshahi County,instanceOf,county of Iran,Malekshahi County
Malekshahi County,locatedIn,Ilam Province,Malekshahi County
Malekshahi County,capital,Molkabad,Malekshahi County
Malekshahi County,populationTotal,20000,Malekshahi County
Malekshahi County,area,1000,Malekshahi County
Sottens transmitter,instanceOf,transmitter,Sottens transmitter
Sottens transmitter,location,Sottens,Sottens transmitter
Sottens transmitter,mountOn,Jura Mountains,Sottens transmitter
Sottens transmitter,country,Switzerland,Sottens transmitter
Pseudococculina rugosoplicata,instanceOf,Species,Pseudococculina rugosoplicata
Pseudococculina rugosoplicata,family,Pseudococculinidae,Pseudococculina rugosoplicata
Pseudococculina rugosoplicata,genus,Pseudococculina,Pseudococculina rugosoplicata
"St James' Church, Grewelthorpe",instanceOf,church,"St James' Church, Grewelthorpe"
"St James' Church, Grewelthorpe",location,Grewelthorpe,"St James' Church, Grewelthorpe"
"St James' Church, Grewelthorpe",dedication,St James,"St James' Church, Grewelthorpe"
Hymnal of a Troubled Man's Mind,instanceOf,album,Hymnal of a Troubled Man's Mind
Hymnal of a Troubled Man's Mind,released,2005-07-19,Hymnal of a Troubled Man's Mind
Hymnal of a Troubled Man's Mind,artist,The Weakerthans,Hymnal of a Troubled Man's Mind
"St Luke's Church, Holbrooks",instanceOf,church,"St Luke's Church, Holbrooks"
"St Luke's Church, Holbrooks",location,Holbrooks,"St Luke's Church, Holbrooks"
"St Luke's Church, Holbrooks",dedication,Luke the Evangelist,"St Luke's Church, Holbrooks"
2005–06 Kuwaiti Premier League,instanceOf,Kuwaiti Premier League season,2005–06 Kuwaiti Premier League
2005–06 Kuwaiti Premier League,startTime,2005,2005–06 Kuwaiti Premier League
2005–06 Kuwaiti Premier League,endTime,2006,2005–06 Kuwaiti Premier League
2005–06 Kuwaiti Premier League,country,Kuwait,2005–06 Kuwaiti Premier League
Joseph Y. Yun,instanceOf,Human,Joseph Y. Yun
Joseph Y. Yun,givenName,Joseph,Joseph Y. Yun
Joseph Y. Yun,familyName,Yun,Joseph Y. Yun
Joseph Y. Yun,occupation,Diplomat,Joseph Y. Yun
Joseph Y. Yun,positionHeld,United States Ambassador to Malaysia,Joseph Y. Yun
1956 World Table Tennis Championships,instanceOf,World Table Tennis Championships,1956 World Table Tennis Championships
1956 World Table Tennis Championships,year,1956,1956 World Table Tennis Championships
1956 World Table Tennis Championships,location,Dortmund,1956 World Table Tennis Championships
Amphimachus I of Elis,instanceOf,King of Elis,Amphimachus I of Elis
Amphimachus I of Elis,givenName,Amphimachus,Amphimachus I of Elis
Amphimachus I of Elis,familyName,I of Elis,Amphimachus I of Elis
Amphimachus I of Elis,reign,ancient Greece,Amphimachus I of Elis
Amphimachus I of Elis,placeOfBirth,Elis,Amphimachus I of Elis
Ha-De-Ron-Dah Wilderness Area,instanceOf,wilderness area,Ha-De-Ron-Dah Wilderness Area
Ha-De-Ron-Dah Wilderness Area,locatedIn,Adirondack Park,Ha-De-Ron-Dah Wilderness Area
Ha-De-Ron-Dah Wilderness Area,locatedIn,New York,Ha-De-Ron-Dah Wilderness Area
Ha-De-Ron-Dah Wilderness Area,hasArea,"8,140 acres",Ha-De-Ron-Dah Wilderness Area
"St George's Church, Barrow-in-Furness",instanceOf,church,"St George's Church, Barrow-in-Furness"
"St George's Church, Barrow-in-Furness",location,Barrow-in-Furness,"St George's Church, Barrow-in-Furness"
"St George's Church, Barrow-in-Furness",dedication,St George,"St George's Church, Barrow-in-Furness"
Newsmongers,instanceOf,Comedy troupe,Newsmongers
Newsmongers,foundedBy,John Oliver,Newsmongers
Newsmongers,foundedBy,Andy Zaltzman,Newsmongers
Newsmongers,knownFor,The Bugle,Newsmongers
Småland Runic Inscription 39,instanceOf,runic inscription,Småland Runic Inscription 39
Småland Runic Inscription 39,location,Småland,Småland Runic Inscription 39
Småland Runic Inscription 39,inscription,DR 39,Småland Runic Inscription 39
Jim McDonnell (boxer),instanceOf,Q5,Jim McDonnell (boxer)
Jim McDonnell (boxer),birthDate,1924-06-16,Jim McDonnell (boxer)
Jim McDonnell (boxer),deathDate,1992-05-19,Jim McDonnell (boxer)
Jim McDonnell (boxer),birthPlace,St. Louis,Jim McDonnell (boxer)
Jim McDonnell (boxer),nationality,American,Jim McDonnell (boxer)
Jim McDonnell (boxer),occupation,boxer,Jim McDonnell (boxer)
Port of Henichesk,instanceOf,port,Port of Henichesk
Port of Henichesk,location,Henichesk,Port of Henichesk
Port of Henichesk,country,Ukraine,Port of Henichesk
Port of Henichesk,sea,Sea of Azov,Port of Henichesk
Matigari ma Njiruungi,instanceOf,novel,Matigari ma Njiruungi
Matigari ma Njiruungi,author,Ngugi wa Thiong'o,Matigari ma Njiruungi
Matigari ma Njiruungi,publishedIn,1986,Matigari ma Njiruungi
Matigari ma Njiruungi,language,Gikuyu,Matigari ma Njiruungi
Matigari ma Njiruungi,translatedInto,English,Matigari ma Njiruungi
Riqui Puig,instanceOf,Q639669,Riqui Puig
Riqui Puig,givenName,Riqui,Riqui Puig
Riqui Puig,familyName,Puig,Riqui Puig
Riqui Puig,dateOfBirth,2000-08-13,Riqui Puig
Riqui Puig,playsFor,FC Barcelona,Riqui Puig
Riqui Puig,position,midfielder,Riqui Puig
Riqui Puig,nationality,Spanish,Riqui Puig
Timothy's Quest (1936 film),instanceOf,film,Timothy's Quest (1936 film)
Timothy's Quest (1936 film),releaseYear,1936,Timothy's Quest (1936 film)
Timothy's Quest (1936 film),director,Robert K. Burns,Timothy's Quest (1936 film)
Timothy's Quest (1936 film),basedOn,novel,Timothy's Quest (1936 film)
2007–08 St. John's Red Storm men's basketball team,instanceOf,basketball team,2007–08 St. John's Red Storm men's basketball team
2007–08 St. John's Red Storm men's basketball team,partOf,St. John's University,2007–08 St. John's Red Storm men's basketball team
2007–08 St. John's Red Storm men's basketball team,season,2007-08,2007–08 St. John's Red Storm men's basketball team
2007–08 St. John's Red Storm men's basketball team,league,Big East Conference,2007–08 St. John's Red Storm men's basketball team
2007–08 St. John's Red Storm men's basketball team,coach,Mickey MacConnell,2007–08 St. John's Red Storm men's basketball team
Miss Brazil 2014,instanceOf,beauty pageant,Miss Brazil 2014
Miss Brazil 2014,year,2014,Miss Brazil 2014
Miss Brazil 2014,title,Miss Brazil,Miss Brazil 2014
Miss Brazil 2014,winner,Letícia Spiller,Miss Brazil 2014
Association for Rural & Small Libraries,instanceOf,organization,Association for Rural & Small Libraries
Association for Rural & Small Libraries,abbreviation,ARSL,Association for Rural & Small Libraries
Association for Rural & Small Libraries,foundingYear,2006,Association for Rural & Small Libraries
Association for Rural & Small Libraries,headquarteredIn,United States,Association for Rural & Small Libraries
Association for Rural & Small Libraries,serves,rural and small libraries,Association for Rural & Small Libraries
Association for Rural & Small Libraries,provides,training and resources,Association for Rural & Small Libraries
National Highway 41 (India),instanceOf,National Highway,National Highway 41 (India)
National Highway 41 (India),location,India,National Highway 41 (India)
National Highway 41 (India),connects,Gandhinagar,National Highway 41 (India)
National Highway 41 (India),connects,Dholka,National Highway 41 (India)
National Highway 41 (India),connects,Ahmedabad,National Highway 41 (India)
Kazusa-Mitsumata Station,instanceOf,railway station,Kazusa-Mitsumata Station
Kazusa-Mitsumata Station,locatedIn,Japan,Kazusa-Mitsumata Station
Kazusa-Mitsumata Station,locatedIn,Chiba Prefecture,Kazusa-Mitsumata Station
Kazusa-Mitsumata Station,servedBy,Kisei Main Line,Kazusa-Mitsumata Station
Kazusa-Mitsumata Station,operator,East Japan Railway Company,Kazusa-Mitsumata Station
MV Glenachulish,instanceOf,ferry,MV Glenachulish
MV Glenachulish,operator,Caledonian MacBrayne,MV Glenachulish
MV Glenachulish,route,Tarryaiggean - Ulapha,MV Glenachulish
MV Glenachulish,built,2007,MV Glenachulish
MV Glenachulish,length,45.7,MV Glenachulish
MV Glenachulish,beam,11,MV Glenachulish
MV Glenachulish,draught,2.5,MV Glenachulish
The Voice – Norges beste stemme,instanceOf,TV series,The Voice – Norges beste stemme
The Voice – Norges beste stemme,countryOfOrigin,Norway,The Voice – Norges beste stemme
The Voice – Norges beste stemme,basedOn,The Voice,The Voice – Norges beste stemme
The Voice – Norges beste stemme,originallyBroadcastOn,TV2,The Voice – Norges beste stemme
1882 Wentworth colonial by-election,instanceOf,by-election,1882 Wentworth colonial by-election
1882 Wentworth colonial by-election,location,Wentworth,1882 Wentworth colonial by-election
1882 Wentworth colonial by-election,year,1882,1882 Wentworth colonial by-election
1882 Wentworth colonial by-election,country,Australia,1882 Wentworth colonial by-election
1882 Wentworth colonial by-election,partOf,New South Wales,1882 Wentworth colonial by-election
Methylsilane,instanceOf,organosilicon compound,Methylsilane
Methylsilane,chemicalFormula,CH₃SiH₃,Methylsilane
Methylsilane,CASNumber,74-78-2,Methylsilane
Methylsilane,InChI,"1S/C2H8Si/c1-2-3/h3H,2H2,1H3",Methylsilane
Methylsilane,SMILES,C[SiH3],Methylsilane
David Herman (BMX rider),instanceOf,Human,David Herman (BMX rider)
David Herman (BMX rider),givenName,David,David Herman (BMX rider)
David Herman (BMX rider),familyName,Herman,David Herman (BMX rider)
David Herman (BMX rider),occupation,BMX rider,David Herman (BMX rider)
Ben Newton (wheelchair rugby),instanceOf,Q121594,Ben Newton (wheelchair rugby)
Ben Newton (wheelchair rugby),givenName,Ben,Ben Newton (wheelchair rugby)
Ben Newton (wheelchair rugby),familyName,Newton,Ben Newton (wheelchair rugby)
Ben Newton (wheelchair rugby),playsSport,Wheelchair rugby,Ben Newton (wheelchair rugby)
Ben Newton (wheelchair rugby),country,Great Britain,Ben Newton (wheelchair rugby)
The Gunfighter (1917 film),instanceOf,film,The Gunfighter (1917 film)
The Gunfighter (1917 film),releaseYear,1917,The Gunfighter (1917 film)
The Gunfighter (1917 film),director,Harry Carey,The Gunfighter (1917 film)
The Gunfighter (1917 film),starring,Harry Carey,The Gunfighter (1917 film)
"Caetés, Pernambuco",instanceOf,municipality of Brazil,"Caetés, Pernambuco"
"Caetés, Pernambuco",locatedIn,Pernambuco,"Caetés, Pernambuco"
"Caetés, Pernambuco",area,758.651 km²,"Caetés, Pernambuco"
"Caetés, Pernambuco",population,"23, 509","Caetés, Pernambuco"
"Caetés, Pernambuco",founded,1957,"Caetés, Pernambuco"
Seeds (TV on the Radio album),instanceOf,album,Seeds (TV on the Radio album)
Seeds (TV on the Radio album),releaseDate,2014-10-21,Seeds (TV on the Radio album)
Seeds (TV on the Radio album),artist,TV on the Radio,Seeds (TV on the Radio album)
Seeds (TV on the Radio album),genre,art rock,Seeds (TV on the Radio album)
Seeds (TV on the Radio album),genre,indie rock,Seeds (TV on the Radio album)
Seeds (TV on the Radio album),producer,Paul A. Williams,Seeds (TV on the Radio album)
Breece Hall,instanceOf,Q5,Breece Hall
Breece Hall,givenName,Breece,Breece Hall
Breece Hall,familyName,Hall,Breece Hall
Breece Hall,dateOfBirth,1998-12-31,Breece Hall
Breece Hall,position,safety,Breece Hall
Breece Hall,team,New York Jets,Breece Hall
Breece Hall,college,Iowa State University,Breece Hall
Testosterone (2004 film),instanceOf,film,Testosterone (2004 film)
Testosterone (2004 film),releaseYear,2004,Testosterone (2004 film)
Testosterone (2004 film),director,John T. Bone,Testosterone (2004 film)
Testosterone (2004 film),starring,Danny Masterson,Testosterone (2004 film)
Testosterone (2004 film),genre,Comedy,Testosterone (2004 film)
"Brie, Ille-et-Vilaine",instanceOf,commune of France,"Brie, Ille-et-Vilaine"
"Brie, Ille-et-Vilaine",locatedIn,Ille-et-Vilaine,"Brie, Ille-et-Vilaine"
"Brie, Ille-et-Vilaine",region,Brittany,"Brie, Ille-et-Vilaine"
"Brie, Ille-et-Vilaine",department,Ille-et-Vilaine,"Brie, Ille-et-Vilaine"
"Brie, Ille-et-Vilaine",INSEE code,35034,"Brie, Ille-et-Vilaine"
"Brie, Ille-et-Vilaine",postal code,35130,"Brie, Ille-et-Vilaine"
Douwe Aukes-class minelayer,instanceOf,ship class,Douwe Aukes-class minelayer
Douwe Aukes-class minelayer,countryOfOrigin,Netherlands,Douwe Aukes-class minelayer
Douwe Aukes-class minelayer,operator,Royal Netherlands Navy,Douwe Aukes-class minelayer
Douwe Aukes-class minelayer,type,minelayer,Douwe Aukes-class minelayer
Something Personal (Houston Person album),instanceOf,album,Something Personal (Houston Person album)
Something Personal (Houston Person album),artist,Houston Person,Something Personal (Houston Person album)
Something Personal (Houston Person album),releaseDate,2001-09-25,Something Personal (Houston Person album)
Something Personal (Houston Person album),genre,jazz,Something Personal (Houston Person album)
Something Personal (Houston Person album),label,HighNote Records,Something Personal (Houston Person album)
Tony Gregory (footballer),instanceOf,Q1234567,Tony Gregory (footballer)
Tony Gregory (footballer),givenName,Tony,Tony Gregory (footballer)
Tony Gregory (footballer),familyName,Gregory,Tony Gregory (footballer)
Tony Gregory (footballer),occupation,footballer,Tony Gregory (footballer)
Tony Gregory (footballer),dateOfBirth,1957-08-20,Tony Gregory (footballer)
Tony Gregory (footballer),dateOfDeath,2001-05-13,Tony Gregory (footballer)
"Vasilyovo (Posyolok Zolotkovo), Gus-Khrustalny District, Vladimir Oblast",instanceOf,human settlement,"Vasilyovo (Posyolok Zolotkovo), Gus-Khrustalny District, Vladimir Oblast"
"Vasilyovo (Posyolok Zolotkovo), Gus-Khrustalny District, Vladimir Oblast",locatedIn,Gus-Khrustalny District,"Vasilyovo (Posyolok Zolotkovo), Gus-Khrustalny District, Vladimir Oblast"
"Vasilyovo (Posyolok Zolotkovo), Gus-Khrustalny District, Vladimir Oblast",locatedIn,Vladimir Oblast,"Vasilyovo (Posyolok Zolotkovo), Gus-Khrustalny District, Vladimir Oblast"
2018 UCI Asia Tour,instanceOf,UCI Asia Tour,2018 UCI Asia Tour
2018 UCI Asia Tour,edition,15,2018 UCI Asia Tour
2018 UCI Asia Tour,startDate,2018-02-25,2018 UCI Asia Tour
2018 UCI Asia Tour,endDate,2018-10-21,2018 UCI Asia Tour
2018 UCI Asia Tour,organizer,Union Cycliste Internationale,2018 UCI Asia Tour
Matthew Kaminski (journalist),instanceOf,Q5,Matthew Kaminski (journalist)
Matthew Kaminski (journalist),givenName,Matthew,Matthew Kaminski (journalist)
Matthew Kaminski (journalist),familyName,Kaminski,Matthew Kaminski (journalist)
Matthew Kaminski (journalist),occupation,Q639669,Matthew Kaminski (journalist)
Matthew Kaminski (journalist),fieldOfWork,Q1129705,Matthew Kaminski (journalist)
Exiguobacterium antarcticum,instanceOf,Exiguobacterium,Exiguobacterium antarcticum
Exiguobacterium antarcticum,foundIn,Antarctica,Exiguobacterium antarcticum
Exiguobacterium antarcticum,taxonomyRank,species,Exiguobacterium antarcticum
Exiguobacterium antarcticum,scientificClassification,Bacteria,Exiguobacterium antarcticum
Exiguobacterium antarcticum,genus,Exiguobacterium,Exiguobacterium antarcticum
Feelings (2003 film),instanceOf,film,Feelings (2003 film)
Feelings (2003 film),releaseYear,2003,Feelings (2003 film)
Feelings (2003 film),director,Menahem Golan,Feelings (2003 film)
Feelings (2003 film),starring,Barbra Streisand,Feelings (2003 film)
Feelings (2003 film),starring,Barney Thomas,Feelings (2003 film)
Feelings (2003 film),genre,drama,Feelings (2003 film)
Feelings (2003 film),genre,romance,Feelings (2003 film)
Bernd Seidensticker,instanceOf,Human,Bernd Seidensticker
Bernd Seidensticker,bornIn,Germany,Bernd Seidensticker
Bernd Seidensticker,occupation,Classics scholar,Bernd Seidensticker
Bernd Seidensticker,occupation,University professor,Bernd Seidensticker
Bernd Seidensticker,almaMater,University of Munich,Bernd Seidensticker
Wedding of Prince Felipe and Letizia Ortiz,instanceOf,wedding,Wedding of Prince Felipe and Letizia Ortiz
Wedding of Prince Felipe and Letizia Ortiz,location,Almudena Cathedral,Wedding of Prince Felipe and Letizia Ortiz
Wedding of Prince Felipe and Letizia Ortiz,date,"May 22, 2004",Wedding of Prince Felipe and Letizia Ortiz
Wedding of Prince Felipe and Letizia Ortiz,participant,Felipe VI of Spain,Wedding of Prince Felipe and Letizia Ortiz
Wedding of Prince Felipe and Letizia Ortiz,participant,Letizia Ortiz Rocasolano,Wedding of Prince Felipe and Letizia Ortiz
2023 Tour de l'Ain,instanceOf,Tour de l'Ain,2023 Tour de l'Ain
2023 Tour de l'Ain,year,2023,2023 Tour de l'Ain
2023 Tour de l'Ain,partOf,2023 UCI Europe Tour,2023 Tour de l'Ain
2023 Tour de l'Ain,startDate,2023-05-03,2023 Tour de l'Ain
2023 Tour de l'Ain,endDate,2023-05-06,2023 Tour de l'Ain
2023 Tour de l'Ain,numberOfStages,4,2023 Tour de l'Ain
2023 Tour de l'Ain,organizer,Chambre de Commerce et d'Industrie de l'Ain,2023 Tour de l'Ain
Miklós Hajdufy,instanceOf,Q5,Miklós Hajdufy
Miklós Hajdufy,givenName,Miklós,Miklós Hajdufy
Miklós Hajdufy,familyName,Hajdufy,Miklós Hajdufy
Miklós Hajdufy,dateOfBirth,1947-06-10,Miklós Hajdufy
Miklós Hajdufy,occupation,film director,Miklós Hajdufy
Miklós Hajdufy,occupation,screenwriter,Miklós Hajdufy
The First Kiss (1954 film),instanceOf,film,The First Kiss (1954 film)
The First Kiss (1954 film),releaseYear,1954,The First Kiss (1954 film)
The First Kiss (1954 film),director,Robert Day,The First Kiss (1954 film)
The First Kiss (1954 film),starring,Donna Douglas,The First Kiss (1954 film)
The First Kiss (1954 film),starring,Pat O'Brien,The First Kiss (1954 film)
The First Kiss (1954 film),genre,Romantic Comedy,The First Kiss (1954 film)
Gali Guleiyan,instanceOf,Film,Gali Guleiyan
Gali Guleiyan,director,Vishal Bhardwaj,Gali Guleiyan
Gali Guleiyan,starring,Irrfan Khan,Gali Guleiyan
Gali Guleiyan,starring,Anushka Sharma,Gali Guleiyan
Gali Guleiyan,releaseYear,2017,Gali Guleiyan
Gali Guleiyan,country,India,Gali Guleiyan
Gali Guleiyan,language,Hindi,Gali Guleiyan
The Third Degree (1913 film),instanceOf,film,The Third Degree (1913 film)
The Third Degree (1913 film),releaseYear,1913,The Third Degree (1913 film)
The Third Degree (1913 film),director,D. W. Griffith,The Third Degree (1913 film)
The Third Degree (1913 film),starring,Maggie Weston,The Third Degree (1913 film)
The Third Degree (1913 film),starring,William J. Butler,The Third Degree (1913 film)
Toby Fox,instanceOf,American video game developer,Toby Fox
Toby Fox,knownFor,Undertale,Toby Fox
Toby Fox,knownFor,Deltarune,Toby Fox
Toby Fox,occupation,Musician,Toby Fox
Toby Fox,occupation,Animator,Toby Fox
Toby Fox,birthDate,1988-04-10,Toby Fox
"St Helen's Church, Stillingfleet",instanceOf,church,"St Helen's Church, Stillingfleet"
"St Helen's Church, Stillingfleet",location,Stillingfleet,"St Helen's Church, Stillingfleet"
"St Helen's Church, Stillingfleet",dedication,St Helen,"St Helen's Church, Stillingfleet"
"St Helen's Church, Stillingfleet",denomination,Anglican,"St Helen's Church, Stillingfleet"
"St Helen's Church, Stillingfleet",architecturalStyle,Gothic,"St Helen's Church, Stillingfleet"
Waifu2x,instanceOf,Convolutional Neural Network,Waifu2x
Waifu2x,instanceOf,Deep Learning Model,Waifu2x
Waifu2x,usedFor,Image Super-Resolution,Waifu2x
Waifu2x,usedFor,Image Upscaling,Waifu2x
Waifu2x,creator,Nicolas Hutanu,Waifu2x
Waifu2x,releasedAt,2018,Waifu2x
Guyanancistrus niger,instanceOf,Species,Guyanancistrus niger
Guyanancistrus niger,class,Guyanancistrus,Guyanancistrus niger
Guyanancistrus niger,family,Heptapteridae,Guyanancistrus niger
Guyanancistrus niger,habitat,Freshwater,Guyanancistrus niger
Guyanancistrus niger,foundIn,Guyana,Guyanancistrus niger
Guyanancistrus niger,order,Siluriformes,Guyanancistrus niger
American Medical Writers Association,instanceOf,professional organization,American Medical Writers Association
American Medical Writers Association,foundedIn,1949,American Medical Writers Association
American Medical Writers Association,abbreviatedAs,AMWA,American Medical Writers Association
American Medical Writers Association,headquarteredIn,United States,American Medical Writers Association
American Medical Writers Association,focusesOn,medical writing,American Medical Writers Association
American Medical Writers Association,hasPublication,Journal of Medical Writing,American Medical Writers Association
"Pablo López (footballer, born 1996)",instanceOf,Q639669,"Pablo López (footballer, born 1996)"
"Pablo López (footballer, born 1996)",dateOfBirth,1996,"Pablo López (footballer, born 1996)"
"Pablo López (footballer, born 1996)",givenName,Pablo,"Pablo López (footballer, born 1996)"
"Pablo López (footballer, born 1996)",familyName,López,"Pablo López (footballer, born 1996)"
"Pablo López (footballer, born 1996)",occupation,association football player,"Pablo López (footballer, born 1996)"
2019 Great Yarmouth Borough Council election,instanceOf,local council election,2019 Great Yarmouth Borough Council election
2019 Great Yarmouth Borough Council election,location,Great Yarmouth,2019 Great Yarmouth Borough Council election
2019 Great Yarmouth Borough Council election,startDate,2019-05-02,2019 Great Yarmouth Borough Council election
2019 Great Yarmouth Borough Council election,endDate,2019-05-02,2019 Great Yarmouth Borough Council election
2019 Great Yarmouth Borough Council election,partOf,2019 United Kingdom local elections,2019 Great Yarmouth Borough Council election
Aubin Grove railway station,instanceOf,railway station,Aubin Grove railway station
Aubin Grove railway station,locatedIn,Western Australia,Aubin Grove railway station
Aubin Grove railway station,locatedIn,Australia,Aubin Grove railway station
Aubin Grove railway station,serves,Aubin Grove,Aubin Grove railway station
Aubin Grove railway station,openedOn,1994,Aubin Grove railway station
Aubin Grove railway station,partOf,Mandurah line,Aubin Grove railway station
Aubin Grove railway station,locatedNear,Cockburn Central railway station,Aubin Grove railway station
Biri (footballer),instanceOf,Q639669,Biri (footballer)
Biri (footballer),givenName,Biri,Biri (footballer)
Biri (footballer),familyName,Biri,Biri (footballer)
Biri (footballer),dateOfBirth,1905-01-25,Biri (footballer)
Biri (footballer),countryOfCitizenship,Spain,Biri (footballer)
Biri (footballer),position,midfielder,Biri (footballer)
William Collingwood (1819–1903),instanceOf,Human,William Collingwood (1819–1903)
William Collingwood (1819–1903),birthYear,1819,William Collingwood (1819–1903)
William Collingwood (1819–1903),deathYear,1903,William Collingwood (1819–1903)
William Collingwood (1819–1903),occupation,clergyman,William Collingwood (1819–1903)
William Collingwood (1819–1903),givenName,William,William Collingwood (1819–1903)
William Collingwood (1819–1903),familyName,Collingwood,William Collingwood (1819–1903)
2015 Copa ASOBAL,instanceOf,sports tournament,2015 Copa ASOBAL
2015 Copa ASOBAL,year,2015,2015 Copa ASOBAL
2015 Copa ASOBAL,competition,Copa ASOBAL,2015 Copa ASOBAL
2015 Copa ASOBAL,sport,handball,2015 Copa ASOBAL
2015 Copa ASOBAL,participant,Fraikin Granollers,2015 Copa ASOBAL
2015 Copa ASOBAL,participant,BM Logroño La Rioja,2015 Copa ASOBAL
2015 Copa ASOBAL,winner,Fraikin Granollers,2015 Copa ASOBAL
Ministry of Education and Science (Kyrgyzstan),instanceOf,government ministry,Ministry of Education and Science (Kyrgyzstan)
Ministry of Education and Science (Kyrgyzstan),country,Kyrgyzstan,Ministry of Education and Science (Kyrgyzstan)
Ministry of Education and Science (Kyrgyzstan),headquarters,Bishkek,Ministry of Education and Science (Kyrgyzstan)
Ministry of Education and Science (Kyrgyzstan),leader,Minister of Education and Science of Kyrgyzstan,Ministry of Education and Science (Kyrgyzstan)
Ministry of Education and Science (Kyrgyzstan),responsibleFor,education in Kyrgyzstan,Ministry of Education and Science (Kyrgyzstan)
Ministry of Education and Science (Kyrgyzstan),responsibleFor,science in Kyrgyzstan,Ministry of Education and Science (Kyrgyzstan)
Autophagy (journal),instanceOf,scientific journal,Autophagy (journal)
Autophagy (journal),publisher,Taylor & Francis,Autophagy (journal)
Autophagy (journal),ISSN,1554-472X,Autophagy (journal)
Autophagy (journal),impactFactor,5.53,Autophagy (journal)
Autophagy (journal),topic,autophagy,Autophagy (journal)
Autophagy (journal),indexedIn,PubMed,Autophagy (journal)
Autophagy (journal),indexedIn,Scopus,Autophagy (journal)
Catholic University of Angola,instanceOf,university,Catholic University of Angola
Catholic University of Angola,locatedIn,Angola,Catholic University of Angola
Catholic University of Angola,affiliatedWith,Catholic Church,Catholic University of Angola
Catholic University of Angola,academicStaff,500,Catholic University of Angola
Catholic University of Angola,studentBody,10000,Catholic University of Angola
Catholic University of Angola,foundingYear,1999,Catholic University of Angola
Catholic University of Angola,president,Rev. José Maria Dias do Nascimento,Catholic University of Angola
Erin Andrews,instanceOf,Q215627,Erin Andrews
Erin Andrews,givenName,Erin,Erin Andrews
Erin Andrews,familyName,Andrews,Erin Andrews
Erin Andrews,occupation,sportscaster,Erin Andrews
Erin Andrews,employer,ESPN,Erin Andrews
Erin Andrews,knownFor,College GameDay,Erin Andrews
Erin Andrews,birthDate,1978-05-27,Erin Andrews
Erin Andrews,almaMater,University of Tennessee,Erin Andrews
2025 Italian Open – Women's singles,instanceOf,Tennis tournament edition,2025 Italian Open – Women's singles
2025 Italian Open – Women's singles,partOf,2025 Italian Open,2025 Italian Open – Women's singles
2025 Italian Open – Women's singles,competitionClass,Women's singles,2025 Italian Open – Women's singles
2025 Italian Open – Women's singles,hasPrize,WTA Tour,2025 Italian Open – Women's singles
2025 Italian Open – Women's singles,location,Rome,2025 Italian Open – Women's singles
2025 Italian Open – Women's singles,startDate,2025,2025 Italian Open – Women's singles
Ole Bjørn Sundgot,instanceOf,Q5,Ole Bjørn Sundgot
Ole Bjørn Sundgot,givenName,Ole Bjørn,Ole Bjørn Sundgot
Ole Bjørn Sundgot,familyName,Sundgot,Ole Bjørn Sundgot
Ole Bjørn Sundgot,dateOfBirth,1972-05-22,Ole Bjørn Sundgot
Ole Bjørn Sundgot,occupation,football player,Ole Bjørn Sundgot
Ole Bjørn Sundgot,position,midfielder,Ole Bjørn Sundgot
Ole Bjørn Sundgot,hasTeam,Lillestrøm SK,Ole Bjørn Sundgot
Evander Holyfield vs. Henry Tillman,instanceOf,boxing match,Evander Holyfield vs. Henry Tillman
Evander Holyfield vs. Henry Tillman,participant,Evander Holyfield,Evander Holyfield vs. Henry Tillman
Evander Holyfield vs. Henry Tillman,participant,Henry Tillman,Evander Holyfield vs. Henry Tillman
Evander Holyfield vs. Henry Tillman,date,1990-03-07,Evander Holyfield vs. Henry Tillman
Evander Holyfield vs. Henry Tillman,location,Las Vegas,Evander Holyfield vs. Henry Tillman
Evander Holyfield vs. Henry Tillman,result,Evander Holyfield won by TKO,Evander Holyfield vs. Henry Tillman
Typhoon Doksuri,instanceOf,Typhoon,Typhoon Doksuri
Typhoon Doksuri,name,Doksuri,Typhoon Doksuri
Typhoon Doksuri,formed,2023-07-21,Typhoon Doksuri
Typhoon Doksuri,dissipated,2023-07-28,Typhoon Doksuri
Typhoon Doksuri,affected,Philippines,Typhoon Doksuri
Typhoon Doksuri,affected,Taiwan,Typhoon Doksuri
Typhoon Doksuri,affected,China,Typhoon Doksuri
Typhoon Doksuri,category,Super Typhoon,Typhoon Doksuri
No Hard Feelings (2020 film),instanceOf,film,No Hard Feelings (2020 film)
No Hard Feelings (2020 film),releaseYear,2020,No Hard Feelings (2020 film)
No Hard Feelings (2020 film),director,Phyllis Nagy,No Hard Feelings (2020 film)
No Hard Feelings (2020 film),starring,Jennifer Lawrence,No Hard Feelings (2020 film)
No Hard Feelings (2020 film),genre,comedy-drama,No Hard Feelings (2020 film)
No Hard Feelings (2020 film),basedOn,French film Les Combattants,No Hard Feelings (2020 film)
Beaminster School,instanceOf,school,Beaminster School
Beaminster School,locatedIn,Beaminster,Beaminster School
Beaminster School,isA,mixed school,Beaminster School
Beaminster School,hasHeadteacher,M. S. Knight,Beaminster School
Beaminster School,hasAgeRange,11-16,Beaminster School
Beaminster School,isAcademy,yes,Beaminster School
Beaminster School,hasOfstedRating,Good,Beaminster School
Beaminster School,hasSpecialty,Academy,Beaminster School
JaJaMaru no Daibouken,instanceOf,video game,JaJaMaru no Daibouken
JaJaMaru no Daibouken,genre,action-adventure game,JaJaMaru no Daibouken
JaJaMaru no Daibouken,releaseDate,1986-09-20,JaJaMaru no Daibouken
JaJaMaru no Daibouken,platform,Nintendo Entertainment System,JaJaMaru no Daibouken
JaJaMaru no Daibouken,developer,Sofel,JaJaMaru no Daibouken
JaJaMaru no Daibouken,publisher,Sofel,JaJaMaru no Daibouken
JaJaMaru no Daibouken,series,JaJaMaru,JaJaMaru no Daibouken
Utica Public Library,instanceOf,public library,Utica Public Library
Utica Public Library,locatedIn,"Utica, New York",Utica Public Library
Utica Public Library,serves,Oneida County,Utica Public Library
Utica Public Library,hasCollection,books,Utica Public Library
Utica Public Library,hasCollection,media,Utica Public Library
Utica Public Library,offers,research assistance,Utica Public Library
Utica Public Library,offers,computer classes,Utica Public Library
Utica Public Library,hasBranch,Utica Public Library - Macomb Branch,Utica Public Library
Missouri State Penitentiary,instanceOf,prison,Missouri State Penitentiary
Missouri State Penitentiary,location,Missouri,Missouri State Penitentiary
Missouri State Penitentiary,locatedAt,"Junction City, Missouri",Missouri State Penitentiary
Missouri State Penitentiary,operational,closed,Missouri State Penitentiary
Missouri State Penitentiary,inception,1836,Missouri State Penitentiary
Missouri State Penitentiary,architect,William Prentiss,Missouri State Penitentiary
Missouri State Penitentiary,heritageStatus,National Historic Landmark,Missouri State Penitentiary
Notgrove railway station,instanceOf,railway station,Notgrove railway station
Notgrove railway station,locatedIn,England,Notgrove railway station
Notgrove railway station,locatedIn,Gloucestershire,Notgrove railway station
Notgrove railway station,serves,Notgrove,Notgrove railway station
Notgrove railway station,serves,Whittington,Notgrove railway station
Notgrove railway station,hasCoordinate,51.847222 1.993611,Notgrove railway station
Notgrove railway station,isManagedBy,Heritage railway,Notgrove railway station
2015 Copa del Rey final,instanceOf,sports event,2015 Copa del Rey final
2015 Copa del Rey final,partOf,2014-15 Copa del Rey,2015 Copa del Rey final
2015 Copa del Rey final,location,Estadio de La Cartuja,2015 Copa del Rey final
2015 Copa del Rey final,participant,FC Barcelona,2015 Copa del Rey final
2015 Copa del Rey final,participant,Athletic Bilbao,2015 Copa del Rey final
2015 Copa del Rey final,date,2015-05-30,2015 Copa del Rey final
2015 Copa del Rey final,winner,FC Barcelona,2015 Copa del Rey final
2015 Copa del Rey final,score,3-1,2015 Copa del Rey final
"2018 European Athletics Championships – Men's 10,000 metres",instanceOf,Q55645362,"2018 European Athletics Championships – Men's 10,000 metres"
"2018 European Athletics Championships – Men's 10,000 metres",partOf,2018 European Athletics Championships,"2018 European Athletics Championships – Men's 10,000 metres"
"2018 European Athletics Championships – Men's 10,000 metres",sport,athletics,"2018 European Athletics Championships – Men's 10,000 metres"
"2018 European Athletics Championships – Men's 10,000 metres",discipline,"10,000 metres","2018 European Athletics Championships – Men's 10,000 metres"
"2018 European Athletics Championships – Men's 10,000 metres",location,Berlin,"2018 European Athletics Championships – Men's 10,000 metres"
"2018 European Athletics Championships – Men's 10,000 metres",date,2018-08-12,"2018 European Athletics Championships – Men's 10,000 metres"
"2018 European Athletics Championships – Men's 10,000 metres",winner,Noureddine Hadid,"2018 European Athletics Championships – Men's 10,000 metres"
Harry Pitts (footballer),instanceOf,Q639669,Harry Pitts (footballer)
Harry Pitts (footballer),birthDate,1885,Harry Pitts (footballer)
Harry Pitts (footballer),birthPlace,England,Harry Pitts (footballer)
Harry Pitts (footballer),deathDate,1917,Harry Pitts (footballer)
Harry Pitts (footballer),deathPlace,Kuwait,Harry Pitts (footballer)
Harry Pitts (footballer),position,association football defender,Harry Pitts (footballer)
Harry Pitts (footballer),team,Mesopotamia football team,Harry Pitts (footballer)
Harry Pitts (footballer),team,T.C. Newton,Harry Pitts (footballer)
Emily van Egmond,instanceOf,Q215627,Emily van Egmond
Emily van Egmond,givenName,Emily,Emily van Egmond
Emily van Egmond,familyName,van Egmond,Emily van Egmond
Emily van Egmond,dateOfBirth,1993-07-12,Emily van Egmond
Emily van Egmond,plays,association football,Emily van Egmond
Emily van Egmond,position,midfielder,Emily van Egmond
Emily van Egmond,memberOf,Australia women's national soccer team,Emily van Egmond
Emily van Egmond,hasWon,A-League Women,Emily van Egmond
Emily van Egmond,playsFor,Western United FC (W),Emily van Egmond
MongoDB Inc.,instanceOf,Company,MongoDB Inc.
MongoDB Inc.,foundedBy,Dwight Merriman,MongoDB Inc.
MongoDB Inc.,foundedBy,Eliot Horowitz,MongoDB Inc.
MongoDB Inc.,foundedBy,Kevin Schneider,MongoDB Inc.
MongoDB Inc.,headquarteredIn,New York City,MongoDB Inc.
MongoDB Inc.,developerOf,MongoDB,MongoDB Inc.
MongoDB Inc.,industry,Software,MongoDB Inc.
MongoDB Inc.,listedOn,NASDAQ,MongoDB Inc.
MongoDB Inc.,tickerSymbol,MDB,MongoDB Inc.
Cemetery Without Crosses,instanceOf,film,Cemetery Without Crosses
Cemetery Without Crosses,director,Harry Kümel,Cemetery Without Crosses
Cemetery Without Crosses,starring,Dyanne Thorne,Cemetery Without Crosses
Cemetery Without Crosses,starring,Paul Naschy,Cemetery Without Crosses
Cemetery Without Crosses,starring,Lifjell,Cemetery Without Crosses
Cemetery Without Crosses,releaseYear,1974,Cemetery Without Crosses
Cemetery Without Crosses,genre,horror film,Cemetery Without Crosses
Cemetery Without Crosses,genre,gothic film,Cemetery Without Crosses
Cemetery Without Crosses,genre,vampire film,Cemetery Without Crosses
Cara Delevingne,instanceOf,Human,Cara Delevingne
Cara Delevingne,givenName,Cara,Cara Delevingne
Cara Delevingne,familyName,Delevingne,Cara Delevingne
Cara Delevingne,dateOfBirth,1992-08-11,Cara Delevingne
Cara Delevingne,occupation,Model,Cara Delevingne
Cara Delevingne,occupation,Actress,Cara Delevingne
Cara Delevingne,almaMater,St. Martin's School,Cara Delevingne
Cara Delevingne,notableFor,Paper Towns,Cara Delevingne
Cara Delevingne,notableFor,Suicide Squad,Cara Delevingne
Cara Delevingne,award,MTV Movie Award,Cara Delevingne
1993 Torneio Rio-São Paulo,instanceOf,Torneio Rio-São Paulo,1993 Torneio Rio-São Paulo
1993 Torneio Rio-São Paulo,year,1993,1993 Torneio Rio-São Paulo
1993 Torneio Rio-São Paulo,participant,Fluminense,1993 Torneio Rio-São Paulo
1993 Torneio Rio-São Paulo,participant,Vasco da Gama,1993 Torneio Rio-São Paulo
1993 Torneio Rio-São Paulo,participant,São Paulo,1993 Torneio Rio-São Paulo
1993 Torneio Rio-São Paulo,participant,Flamengo,1993 Torneio Rio-São Paulo
1993 Torneio Rio-São Paulo,participant,Botafogo,1993 Torneio Rio-São Paulo
1993 Torneio Rio-São Paulo,participant,Corinthians,1993 Torneio Rio-São Paulo
1993 Torneio Rio-São Paulo,participant,Santos,1993 Torneio Rio-São Paulo
1993 Torneio Rio-São Paulo,winner,Palmeiras,1993 Torneio Rio-São Paulo
78 Ursae Majoris,instanceOf,Star,78 Ursae Majoris
78 Ursae Majoris,constellation,Ursa Major,78 Ursae Majoris
78 Ursae Majoris,spectralType,G5Vb,78 Ursae Majoris
78 Ursae Majoris,mass,0.849,78 Ursae Majoris
78 Ursae Majoris,radius,0.847,78 Ursae Majoris
78 Ursae Majoris,luminosity,0.36,78 Ursae Majoris
78 Ursae Majoris,effectiveTemperature,5570,78 Ursae Majoris
78 Ursae Majoris,bV,0.63,78 Ursae Majoris
78 Ursae Majoris,metallicity,-0.03,78 Ursae Majoris
78 Ursae Majoris,age,7.0,78 Ursae Majoris
78 Ursae Majoris,rotationPeriod,44.9,78 Ursae Majoris
Nickelodeon All-Star Brawl 2,instanceOf,fighting game,Nickelodeon All-Star Brawl 2
Nickelodeon All-Star Brawl 2,developer,Ludicrous Games,Nickelodeon All-Star Brawl 2
Nickelodeon All-Star Brawl 2,publisher,Paramount Global,Nickelodeon All-Star Brawl 2
Nickelodeon All-Star Brawl 2,platform,PlayStation 4,Nickelodeon All-Star Brawl 2
Nickelodeon All-Star Brawl 2,platform,PlayStation 5,Nickelodeon All-Star Brawl 2
Nickelodeon All-Star Brawl 2,platform,Xbox One,Nickelodeon All-Star Brawl 2
Nickelodeon All-Star Brawl 2,platform,Xbox Series X and Series S,Nickelodeon All-Star Brawl 2
Nickelodeon All-Star Brawl 2,platform,Microsoft Windows,Nickelodeon All-Star Brawl 2
Nickelodeon All-Star Brawl 2,releaseDate,2022-11-18,Nickelodeon All-Star Brawl 2
Nickelodeon All-Star Brawl 2,genre,crossover fighting game,Nickelodeon All-Star Brawl 2
"Pierre-François, Marquess of Rougé",instanceOf,Human,"Pierre-François, Marquess of Rougé"
"Pierre-François, Marquess of Rougé",title,Marquess of Rougé,"Pierre-François, Marquess of Rougé"
"Pierre-François, Marquess of Rougé",givenName,Pierre-François,"Pierre-François, Marquess of Rougé"
"Pierre-François, Marquess of Rougé",familyName,Rougé,"Pierre-François, Marquess of Rougé"
